0.0000000000, 0.0000000000, 0.0000000000, 0.0000000000, 6
0.0000000000, 0.0000000000, 0.0000000000, 0.0000000000, 7
0.0000000000, 0.0000000000, 0.0000000000, 0.0000000000, 7
0.0000000000, 0.0000000000, 0.0000000000, 0.0000000000, 8
0.0000000000, 0.0000000000, 0.0000000000, 0.0000000000, 7
0.0000000000, 0.0000000000, 0.0000000000, 0.0000000000, 6
0.0000000000, 0.0000000000, 0.0000000000, 0.0000000000, 7
0.0000000000, 0.0000000000, 0.0000000000, 0.0000000000, 7
0.0000000000, 0.0000000000, 0.0000000000, 0.0000000000, 7
0.0000000000, 0.0000000000, 0.0000000000, 0.0000000000, 8
0.0000000000, 0.0000000000, 0.0000000000, 0.0000000000, 7
0.0000000000, 0.0000000000, 0.0000000000, 0.0000000000, 7
0.0000000000, 0.0000000000, 0.0000000000, 0.0000000000, 8
-0.0000000000, -0.0000000000, -0.0000200000, -0.0009100000, 8
-0.0000000000, -0.0000000000, -0.0000200000, -0.0009100000, 8
-0.0000000000, -0.0000000000, -0.0000200000, -0.0009100000, 8
-0.0000000000, -0.0000000000, -0.0000200000, -0.0009100000, 8
-0.0000000000, -0.0000000000, -0.0000200000, -0.0009100000, 8
-0.0000000000, -0.0000000000, -0.0000200000, -0.0009100000, 8
-0.0000000000, -0.0000000000, -0.0000200000, -0.0009100000, 8
-0.0000000000, -0.0000000000, -0.0000200000, -0.0009100000, 7
-0.0000000000, -0.0000000000, -0.0000200000, -0.0009100000, 7
-0.0000000000, -0.0000000000, -0.0000200000, -0.0009100000, 7
-0.0000000000, -0.0000000000, -0.0000200000, -0.0009100000, 7
-0.0000000000, -0.0000000000, -0.0000200000, -0.0009100000, 7
-0.0000000000, -0.0000000000, -0.0000200000, -0.0009100000, 7
-0.0000000000, -0.0000000000, -0.0000200000, -0.0009100000, 8
-0.0000000000, -0.0000000000, -0.0000200000, -0.0009100000, 8
0.0000000000, -0.0000000000, 0.0001900000, -0.0006500000, 8
0.0000000000, -0.0000000000, 0.0001900000, -0.0006500000, 7
0.0000000000, -0.0000000000, 0.0001900000, -0.0006500000, 6
0.0000000000, -0.0000000000, 0.0001900000, -0.0006500000, 8
0.0000000000, -0.0000000000, 0.0001900000, -0.0006500000, 8
0.0000000000, -0.0000000000, 0.0001900000, -0.0006500000, 8
0.0000000000, -0.0000000000, 0.0001900000, -0.0006500000, 7
0.0000000000, -0.0000000000, 0.0001900000, -0.0006500000, 4
0.0000000000, -0.0000000000, 0.0001900000, -0.0006500000, 5
0.0000000000, -0.0000000000, 0.0001900000, -0.0006500000, 6
0.0000000000, -0.0000000000, 0.0001900000, -0.0006500000, 7
-0.0000000000, -0.0000000000, -0.0003700000, 0.0000000000, 7
-0.0000000000, -0.0000000000, -0.0003700000, 0.0000000000, 7
-0.0000000000, -0.0000000000, -0.0003700000, 0.0000000000, 5
-0.0000000000, -0.0000000000, -0.0003700000, 0.0000000000, 4
-0.0000000000, -0.0000000000, -0.0003700000, 0.0000000000, 5
-0.0000000000, -0.0000000000, -0.0003700000, 0.0000000000, 6
-0.0000000000, -0.0000000000, -0.0003700000, 0.0000000000, 7
-0.0000000000, -0.0000000000, -0.0003700000, 0.0000000000, 7
-0.0000000000, -0.0000000000, -0.0003700000, 0.0000000000, 5
-0.0000000000, -0.0000000000, -0.0006100000, -0.0002100000, 5
-0.0000000000, -0.0000000000, -0.0006100000, -0.0002100000, 25
-0.0000000000, -0.0000000000, -0.0006100000, -0.0002100000, 6
-0.0000000000, -0.0000000000, -0.0006100000, -0.0002100000, 5
-0.0000000000, -0.0000000000, 0.0004100000, -0.0022300000, 5
-0.0000000000, -0.0000000000, 0.0004100000, -0.0022300000, 7
-0.0000000000, -0.0000000000, 0.0004100000, -0.0022300000, 7
-0.0000000000, -0.0000000000, 0.0004100000, -0.0022300000, 7
-0.0000000000, -0.0000000000, 0.0004100000, -0.0022300000, 5
-0.0000000000, -0.0000000000, 0.0004100000, -0.0022300000, 5
-0.0000000000, -0.0000000000, 0.0004100000, -0.0022300000, 6
-0.0000000000, -0.0000000000, 0.0004100000, -0.0022300000, 8
0.0000000000, -0.0000000001, 0.0008100000, -0.0021100000, 8
0.0000000000, -0.0000000001, 0.0008100000, -0.0021100000, 8
0.0000000000, -0.0000000001, 0.0008100000, -0.0021100000, 4
0.0000000000, -0.0000000001, 0.0008100000, -0.0021100000, 5
0.0000000000, -0.0000000001, 0.0008100000, -0.0021100000, 6
0.0000000000, -0.0000000001, 0.0008100000, -0.0021100000, 5
0.0000000000, -0.0000000001, 0.0008100000, -0.0021100000, 6
0.0000000000, -0.0000000001, 0.0009500000, -0.0020300000, 7
0.0000000000, -0.0000000001, 0.0009500000, -0.0020300000, 5
0.0000000000, -0.0000000001, 0.0009500000, -0.0020300000, 5
0.0000000000, -0.0000000001, 0.0009500000, -0.0020300000, 4
0.0000000000, -0.0000000001, 0.0009500000, -0.0020300000, 6
0.0000000000, -0.0000000001, 0.0009500000, -0.0020300000, 6
0.0000000000, -0.0000000001, 0.0009500000, -0.0020300000, 7
0.0000000000, -0.0000000001, 0.0009500000, -0.0020300000, 5
0.0000000000, -0.0000000001, 0.0009500000, -0.0020300000, 5
0.0000000000, -0.0000000001, 0.0009500000, -0.0020300000, 6
0.0000000000, -0.0000000001, 0.0009500000, -0.0020300000, 5
0.0000000000, -0.0000000001, 0.0009500000, -0.0020300000, 7
0.0000000000, -0.0000000001, 0.0009100000, -0.0020700000, 7
0.0000000000, -0.0000000001, 0.0009100000, -0.0020700000, 5
0.0000000000, -0.0000000001, 0.0009100000, -0.0020700000, 5
0.0000000000, -0.0000000001, 0.0009100000, -0.0020700000, 4
0.0000000000, -0.0000000001, 0.0009100000, -0.0020700000, 6
0.0000000000, -0.0000000001, 0.0009100000, -0.0020700000, 7
0.0000000000, -0.0000000001, 0.0009100000, -0.0020700000, 7
0.0000000000, -0.0000000001, 0.0006600000, -0.0020600000, 5
0.0000000000, -0.0000000001, 0.0006600000, -0.0020600000, 4
0.0000000000, -0.0000000001, 0.0006600000, -0.0020600000, 5
0.0000000000, -0.0000000001, 0.0006600000, -0.0020600000, 6
0.0000000000, -0.0000000001, 0.0006600000, -0.0020600000, 7
0.0000000000, -0.0000000001, 0.0006600000, -0.0020600000, 7
0.0000000000, -0.0000000001, 0.0006600000, -0.0020600000, 4
0.0000000000, -0.0000000001, 0.0006600000, -0.0020600000, 5
0.0000000000, -0.0000000001, 0.0008200000, -0.0025900000, 5
0.0000000000, -0.0000000001, 0.0008200000, -0.0025900000, 6
0.0000000000, -0.0000000001, 0.0008200000, -0.0025900000, 6
0.0000000000, -0.0000000001, 0.0008200000, -0.0025900000, 7
0.0000000000, -0.0000000001, 0.0008200000, -0.0025900000, 5
0.0000000000, -0.0000000001, 0.0008200000, -0.0025900000, 5
0.0000000000, -0.0000000001, 0.0008200000, -0.0025900000, 6
0.0000000000, -0.0000000001, 0.0008200000, -0.0025900000, 5
0.0000000000, -0.0000000001, 0.0008200000, -0.0025900000, 6
0.0000000000, -0.0000000001, 0.0008200000, -0.0025900000, 7
0.0000000000, -0.0000000001, 0.0008200000, -0.0025900000, 5
0.0000000000, -0.0000000001, 0.0008200000, -0.0025900000, 4
0.0000000000, -0.0000000001, 0.0008200000, -0.0025900000, 6
0.0000000000, -0.0000000001, 0.0008200000, -0.0025900000, 5
0.0000000000, -0.0000000001, 0.0008200000, -0.0025900000, 6
0.0000000000, -0.0000000001, 0.0008200000, -0.0025900000, 35
0.0000000000, -0.0000000001, 0.0008200000, -0.0025900000, 8
0.0000000000, -0.0000000001, 0.0008200000, -0.0025900000, 7
0.0000000000, -0.0000000001, 0.0008200000, -0.0025900000, 5
0.0000000000, -0.0000000001, 0.0008200000, -0.0025900000, 5
0.0000000000, -0.0000000001, 0.0008200000, -0.0025900000, 7
0.0000000000, -0.0000000001, 0.0008200000, -0.0025900000, 7
0.0000000000, -0.0000000001, 0.0008200000, -0.0025900000, 7
0.0000000000, -0.0000000001, 0.0008200000, -0.0025900000, 5
0.0000000000, -0.0000000001, 0.0008200000, -0.0025900000, 5
0.0000000000, -0.0000000001, 0.0008200000, -0.0025900000, 5
0.0000000000, -0.0000000001, 0.0008200000, -0.0025900000, 8
0.0000000000, -0.0000000001, 0.0008200000, -0.0025900000, 8
0.0000000000, -0.0000000001, 0.0008200000, -0.0025900000, 7
0.0000000000, -0.0000000001, 0.0008200000, -0.0025900000, 5
0.0000000000, -0.0000000001, 0.0008200000, -0.0025900000, 5
0.0000000000, -0.0000000001, 0.0008200000, -0.0025900000, 7
0.0000000000, -0.0000000001, 0.0008200000, -0.0025900000, 7
0.0000000000, -0.0000000001, 0.0008200000, -0.0025900000, 5
0.0000000000, -0.0000000001, 0.0008200000, -0.0025900000, 6
0.0000000000, -0.0000000001, 0.0008200000, -0.0025900000, 5
0.0000000000, -0.0000000001, 0.0008200000, -0.0025900000, 5
0.0000000000, -0.0000000001, 0.0008200000, -0.0025900000, 7
0.0000000000, -0.0000000001, 0.0008200000, -0.0025900000, 8
0.0000000000, -0.0000000001, 0.0008200000, -0.0025900000, 9
0.0000000000, -0.0000000001, 0.0008200000, -0.0025900000, 4
0.0000000000, -0.0000000001, 0.0008200000, -0.0025900000, 5
0.0000000000, -0.0000000001, 0.0008200000, -0.0025900000, 5
0.0000000000, -0.0000000001, 0.0008200000, -0.0025900000, 6
0.0000000000, -0.0000000001, 0.0008200000, -0.0025900000, 7
0.0000000000, -0.0000000001, 0.0008200000, -0.0025900000, 7
0.0000000000, -0.0000000001, 0.0008200000, -0.0025900000, 5
0.0000000000, -0.0000000001, 0.0008200000, -0.0025900000, 4
0.0000000000, -0.0000000001, 0.0008200000, -0.0025900000, 6
0.0000000000, -0.0000000001, 0.0008200000, -0.0025900000, 5
0.0000000000, -0.0000000001, 0.0008200000, -0.0025900000, 6
0.0000000000, -0.0000000001, 0.0008200000, -0.0025900000, 7
0.0000000000, -0.0000000001, 0.0008200000, -0.0025900000, 5
0.0000000000, -0.0000000001, 0.0008200000, -0.0025900000, 5
0.0000000000, -0.0000000001, 0.0008200000, -0.0025900000, 7
0.0000000000, -0.0000000002, 0.0002600000, -0.0033200000, 7
0.0000000000, -0.0000000002, 0.0002600000, -0.0033200000, 4
0.0000000000, -0.0000000002, 0.0002600000, -0.0033200000, 6
0.0000000000, -0.0000000002, 0.0002600000, -0.0033200000, 5
0.0000000000, -0.0000000002, 0.0002600000, -0.0033200000, 5
0.0000000000, -0.0000000002, 0.0002600000, -0.0033200000, 6
0.0000000000, -0.0000000002, 0.0002600000, -0.0033200000, 4
0.0000000000, -0.0000000002, 0.0002600000, -0.0033200000, 6
0.0000000000, -0.0000000002, 0.0002600000, -0.0033200000, 7
0.0000000000, -0.0000000002, 0.0002600000, -0.0033200000, 5
0.0000000000, -0.0000000002, 0.0002600000, -0.0033200000, 5
0.0000000000, -0.0000000002, 0.0002600000, -0.0033200000, 7
0.0000000000, -0.0000000002, 0.0002600000, -0.0033200000, 5
0.0000000000, -0.0000000002, 0.0002600000, -0.0033200000, 6
0.0000000000, -0.0000000002, 0.0002600000, -0.0033200000, 6
0.0000000000, -0.0000000002, 0.0002600000, -0.0033200000, 4
0.0000000000, -0.0000000002, 0.0002600000, -0.0033200000, 5
0.0000000000, -0.0000000002, 0.0002600000, -0.0033200000, 4
0.0000000000, -0.0000000002, 0.0002600000, -0.0033200000, 6
0.0000000000, -0.0000000002, 0.0008200000, -0.0026700000, 27
0.0000000000, -0.0000000002, 0.0008200000, -0.0026700000, 6
0.0000000000, -0.0000000002, 0.0008200000, -0.0026700000, 8
0.0000000000, -0.0000000002, 0.0008200000, -0.0026700000, 7
0.0000000000, -0.0000000002, 0.0008200000, -0.0026700000, 8
0.0000000000, -0.0000000002, 0.0008200000, -0.0026700000, 5
0.0000000000, -0.0000000002, 0.0008200000, -0.0026700000, 5
0.0000000000, -0.0000000002, 0.0008200000, -0.0026700000, 6
0.0000000000, -0.0000000002, 0.0008200000, -0.0026700000, 6
0.0000000000, -0.0000000002, 0.0008200000, -0.0026700000, 5
0.0000000000, -0.0000000002, 0.0008200000, -0.0026700000, 6
0.0000000000, -0.0000000002, 0.0008200000, -0.0026700000, 5
0.0000000000, -0.0000000002, 0.0008200000, -0.0026700000, 5
0.0000000000, -0.0000000002, 0.0008200000, -0.0026700000, 6
0.0000000000, -0.0000000002, 0.0008200000, -0.0026700000, 7
0.0000000000, -0.0000000002, 0.0008200000, -0.0026700000, 7
0.0000000000, -0.0000000002, 0.0008200000, -0.0026700000, 5
0.0000000000, -0.0000000002, 0.0008200000, -0.0026700000, 5
0.0000000000, -0.0000000002, 0.0008200000, -0.0026700000, 5
0.0000000000, -0.0000000002, 0.0008200000, -0.0026700000, 8
0.0000000000, -0.0000000002, 0.0008200000, -0.0026700000, 8
0.0000000000, -0.0000000002, 0.0008200000, -0.0026700000, 7
0.0000000000, -0.0000000002, 0.0008200000, -0.0026700000, 5
0.0000000000, -0.0000000002, 0.0008200000, -0.0026700000, 4
0.0000000000, -0.0000000002, 0.0008200000, -0.0026700000, 6
0.0000000000, -0.0000000002, 0.0008200000, -0.0026700000, 5
0.0000000000, -0.0000000002, 0.0008200000, -0.0026700000, 6
0.0000000000, -0.0000000002, 0.0008200000, -0.0026700000, 6
0.0000000000, -0.0000000002, 0.0008200000, -0.0026700000, 5
0.0000000000, -0.0000000002, 0.0008200000, -0.0026700000, 5
0.0000000000, -0.0000000002, 0.0008200000, -0.0026700000, 6
0.0000000000, -0.0000000002, 0.0008200000, -0.0026700000, 5
0.0000000000, -0.0000000002, 0.0008200000, -0.0026700000, 6
0.0000000000, -0.0000000002, 0.0008200000, -0.0026700000, 6
0.0000000000, -0.0000000002, 0.0008200000, -0.0026700000, 5
0.0000000000, -0.0000000002, 0.0008200000, -0.0026700000, 4
0.0000000000, -0.0000000002, 0.0008200000, -0.0026700000, 6
0.0000000000, -0.0000000002, 0.0008200000, -0.0026700000, 5
0.0000000000, -0.0000000002, 0.0008200000, -0.0026700000, 6
0.0000000000, -0.0000000002, 0.0008200000, -0.0026700000, 7
0.0000000000, -0.0000000002, 0.0008200000, -0.0026700000, 5
0.0000000000, -0.0000000002, 0.0008200000, -0.0026700000, 5
0.0000000000, -0.0000000002, 0.0008200000, -0.0026700000, 7
0.0000000000, -0.0000000002, 0.0008200000, -0.0026700000, 7
0.0000000000, -0.0000000002, 0.0008200000, -0.0026700000, 5
0.0000000000, -0.0000000002, 0.0008200000, -0.0026700000, 6
0.0000000000, -0.0000000002, 0.0008200000, -0.0026700000, 5
0.0000000000, -0.0000000002, 0.0008200000, -0.0026700000, 5
0.0000000000, -0.0000000002, 0.0008200000, -0.0026700000, 7
0.0000000001, -0.0000000002, 0.0028900000, -0.0022700000, 7
0.0000000001, -0.0000000002, 0.0028900000, -0.0022700000, 7
0.0000000001, -0.0000000002, 0.0028900000, -0.0022700000, 4
0.0000000001, -0.0000000002, 0.0028900000, -0.0022700000, 5
0.0000000001, -0.0000000002, 0.0028900000, -0.0022700000, 5
0.0000000001, -0.0000000002, 0.0021400000, -0.0034900000, 8
0.0000000001, -0.0000000002, 0.0021400000, -0.0034900000, 8
0.0000000001, -0.0000000002, 0.0021400000, -0.0034900000, 7
0.0000000001, -0.0000000002, 0.0021400000, -0.0034900000, 5
0.0000000001, -0.0000000002, 0.0021400000, -0.0034900000, 5
0.0000000001, -0.0000000002, 0.0021400000, -0.0034900000, 6
0.0000000001, -0.0000000002, 0.0021400000, -0.0034900000, 34
0.0000000001, -0.0000000002, 0.0021400000, -0.0034900000, 4
0.0000000001, -0.0000000002, 0.0021400000, -0.0034900000, 8
0.0000000001, -0.0000000002, 0.0021400000, -0.0034900000, 8
0.0000000001, -0.0000000002, 0.0021400000, -0.0034900000, 8
0.0000000001, -0.0000000002, 0.0021400000, -0.0034900000, 5
0.0000000001, -0.0000000002, 0.0021400000, -0.0034900000, 5
0.0000000001, -0.0000000002, 0.0021400000, -0.0034900000, 7
0.0000000001, -0.0000000002, 0.0021400000, -0.0034900000, 7
0.0000000001, -0.0000000002, 0.0021400000, -0.0034900000, 7
0.0000000001, -0.0000000002, 0.0021400000, -0.0034900000, 5
0.0000000001, -0.0000000002, 0.0021400000, -0.0034900000, 5
0.0000000001, -0.0000000002, 0.0021400000, -0.0034900000, 4
0.0000000001, -0.0000000002, 0.0021400000, -0.0034900000, 8
0.0000000001, -0.0000000002, 0.0021400000, -0.0034900000, 8
0.0000000002, -0.0000000003, 0.0072500000, -0.0048900000, 8
0.0000000002, -0.0000000003, 0.0072500000, -0.0048900000, 4
0.0000000002, -0.0000000003, 0.0072500000, -0.0048900000, 5
0.0000000002, -0.0000000003, 0.0072500000, -0.0048900000, 6
0.0000000002, -0.0000000003, 0.0072500000, -0.0048900000, 5
0.0000000002, -0.0000000003, 0.0072500000, -0.0048900000, 6
0.0000000002, -0.0000000003, 0.0072500000, -0.0048900000, 7
0.0000000002, -0.0000000003, 0.0072500000, -0.0048900000, 5
0.0000000002, -0.0000000003, 0.0072500000, -0.0048900000, 5
0.0000000002, -0.0000000003, 0.0072500000, -0.0048900000, 7
0.0000000002, -0.0000000003, 0.0072500000, -0.0048900000, 4
0.0000000002, -0.0000000003, 0.0072500000, -0.0048900000, 6
0.0000000002, -0.0000000003, 0.0072500000, -0.0048900000, 6
0.0000000002, -0.0000000003, 0.0072500000, -0.0048900000, 5
0.0000000002, -0.0000000003, 0.0072500000, -0.0048900000, 4
0.0000000002, -0.0000000003, 0.0072500000, -0.0048900000, 6
0.0000000002, -0.0000000003, 0.0072500000, -0.0048900000, 5
0.0000000002, -0.0000000003, 0.0072500000, -0.0048900000, 6
0.0000000002, -0.0000000003, 0.0072500000, -0.0048900000, 7
0.0000000002, -0.0000000003, 0.0072500000, -0.0048900000, 5
0.0000000002, -0.0000000003, 0.0072500000, -0.0048900000, 5
0.0000000002, -0.0000000003, 0.0072500000, -0.0048900000, 7
0.0000000002, -0.0000000003, 0.0105000000, -0.0042500000, 5
0.0000000002, -0.0000000003, 0.0105000000, -0.0042500000, 6
0.0000000002, -0.0000000003, 0.0105000000, -0.0042500000, 7
0.0000000002, -0.0000000003, 0.0105000000, -0.0042500000, 5
0.0000000002, -0.0000000003, 0.0105000000, -0.0042500000, 4
0.0000000002, -0.0000000003, 0.0105000000, -0.0042500000, 6
0.0000000002, -0.0000000003, 0.0105000000, -0.0042500000, 5
0.0000000002, -0.0000000003, 0.0105000000, -0.0042500000, 6
0.0000000002, -0.0000000003, 0.0105000000, -0.0042500000, 7
0.0000000002, -0.0000000003, 0.0105000000, -0.0042500000, 5
0.0000000002, -0.0000000003, 0.0105000000, -0.0042500000, 4
0.0000000002, -0.0000000003, 0.0105000000, -0.0042500000, 5
0.0000000002, -0.0000000003, 0.0105000000, -0.0042500000, 6
0.0000000002, -0.0000000003, 0.0105000000, -0.0042500000, 7
0.0000000002, -0.0000000003, 0.0105000000, -0.0042500000, 8
0.0000000002, -0.0000000003, 0.0105000000, -0.0042500000, 5
0.0000000002, -0.0000000003, 0.0105000000, -0.0042500000, 5
0.0000000002, -0.0000000003, 0.0105000000, -0.0042500000, 5
0.0000000002, -0.0000000003, 0.0105000000, -0.0042500000, 6
0.0000000002, -0.0000000003, 0.0105000000, -0.0042500000, 7
0.0000000002, -0.0000000003, 0.0105000000, -0.0042500000, 7
0.0000000002, -0.0000000003, 0.0105000000, -0.0042500000, 5
0.0000000002, -0.0000000003, 0.0105000000, -0.0042500000, 5
0.0000000002, -0.0000000003, 0.0105000000, -0.0042500000, 33
0.0000000002, -0.0000000003, 0.0105000000, -0.0042500000, 5
0.0000000002, -0.0000000003, 0.0105000000, -0.0042500000, 5
0.0000000002, -0.0000000003, 0.0105000000, -0.0042500000, 6
0.0000000002, -0.0000000003, 0.0105000000, -0.0042500000, 5
0.0000000002, -0.0000000003, 0.0105000000, -0.0042500000, 6
0.0000000002, -0.0000000003, 0.0105000000, -0.0042500000, 7
0.0000000002, -0.0000000003, 0.0105000000, -0.0042500000, 5
0.0000000002, -0.0000000003, 0.0105000000, -0.0042500000, 5
0.0000000002, -0.0000000003, 0.0105000000, -0.0042500000, 6
0.0000000002, -0.0000000003, 0.0105000000, -0.0042500000, 7
0.0000000002, -0.0000000003, 0.0105000000, -0.0042500000, 7
0.0000000002, -0.0000000003, 0.0105000000, -0.0042500000, 5
0.0000000002, -0.0000000003, 0.0105000000, -0.0042500000, 5
0.0000000002, -0.0000000003, 0.0105000000, -0.0042500000, 5
0.0000000002, -0.0000000003, 0.0105000000, -0.0042500000, 7
0.0000000002, -0.0000000003, 0.0105000000, -0.0042500000, 7
0.0000000002, -0.0000000003, 0.0105000000, -0.0042500000, 7
0.0000000002, -0.0000000003, 0.0105000000, -0.0042500000, 5
0.0000000002, -0.0000000003, 0.0105000000, -0.0042500000, 5
0.0000000002, -0.0000000003, 0.0105000000, -0.0042500000, 5
0.0000000002, -0.0000000003, 0.0105000000, -0.0042500000, 6
0.0000000003, -0.0000000004, 0.0061500000, -0.0043500000, 7
0.0000000003, -0.0000000004, 0.0061500000, -0.0043500000, 7
0.0000000003, -0.0000000004, 0.0061500000, -0.0043500000, 5
0.0000000003, -0.0000000004, 0.0061500000, -0.0043500000, 4
0.0000000003, -0.0000000004, 0.0061500000, -0.0043500000, 5
0.0000000003, -0.0000000004, 0.0061500000, -0.0043500000, 6
0.0000000003, -0.0000000004, 0.0061500000, -0.0043500000, 7
0.0000000003, -0.0000000004, 0.0061500000, -0.0043500000, 7
0.0000000003, -0.0000000004, 0.0061500000, -0.0043500000, 5
0.0000000003, -0.0000000004, 0.0061500000, -0.0043500000, 5
0.0000000003, -0.0000000004, -0.0005600000, -0.0032500000, 5
0.0000000003, -0.0000000004, -0.0005600000, -0.0032500000, 7
0.0000000003, -0.0000000004, -0.0005600000, -0.0032500000, 7
0.0000000003, -0.0000000004, -0.0005600000, -0.0032500000, 5
0.0000000003, -0.0000000004, -0.0005600000, -0.0032500000, 4
0.0000000003, -0.0000000004, -0.0005600000, -0.0032500000, 5
0.0000000003, -0.0000000004, -0.0005600000, -0.0032500000, 7
0.0000000003, -0.0000000004, -0.0005600000, -0.0032500000, 7
0.0000000003, -0.0000000004, -0.0005600000, -0.0032500000, 7
0.0000000003, -0.0000000004, -0.0005600000, -0.0032500000, 5
0.0000000003, -0.0000000004, -0.0005600000, -0.0032500000, 5
0.0000000003, -0.0000000004, -0.0019200000, -0.0014000000, 6
0.0000000003, -0.0000000004, -0.0019200000, -0.0014000000, 6
0.0000000003, -0.0000000004, -0.0019200000, -0.0014000000, 7
0.0000000003, -0.0000000004, -0.0019200000, -0.0014000000, 7
0.0000000003, -0.0000000004, -0.0029900000, -0.0014000000, 5
0.0000000003, -0.0000000004, -0.0029900000, -0.0014000000, 5
0.0000000003, -0.0000000004, -0.0029900000, -0.0014000000, 4
0.0000000003, -0.0000000004, -0.0029900000, -0.0014000000, 6
0.0000000003, -0.0000000004, -0.0029900000, -0.0014000000, 7
0.0000000003, -0.0000000004, -0.0029900000, -0.0014000000, 7
0.0000000003, -0.0000000004, -0.0029900000, -0.0014000000, 4
0.0000000002, -0.0000000004, -0.0041200000, 0.0001000000, 5
0.0000000002, -0.0000000004, -0.0041200000, 0.0001000000, 6
0.0000000002, -0.0000000004, -0.0041200000, 0.0001000000, 5
0.0000000002, -0.0000000004, -0.0041200000, 0.0001000000, 6
0.0000000002, -0.0000000004, -0.0041200000, 0.0001000000, 7
0.0000000002, -0.0000000004, -0.0041200000, 0.0001000000, 5
0.0000000002, -0.0000000004, -0.0041200000, 0.0001000000, 35
0.0000000002, -0.0000000004, -0.0041200000, 0.0001000000, 5
0.0000000002, -0.0000000004, -0.0041200000, 0.0001000000, 5
0.0000000002, -0.0000000004, -0.0041200000, 0.0001000000, 5
0.0000000002, -0.0000000004, -0.0041200000, 0.0001000000, 7
0.0000000002, -0.0000000004, -0.0041200000, 0.0001000000, 7
0.0000000002, -0.0000000004, -0.0041200000, 0.0001000000, 8
0.0000000002, -0.0000000004, -0.0041200000, 0.0001000000, 4
0.0000000002, -0.0000000004, -0.0041200000, 0.0001000000, 5
0.0000000002, -0.0000000004, -0.0041200000, 0.0001000000, 6
0.0000000002, -0.0000000004, -0.0041200000, 0.0001000000, 5
0.0000000002, -0.0000000004, -0.0041200000, 0.0001000000, 6
0.0000000002, -0.0000000004, -0.0041200000, 0.0001000000, 7
0.0000000002, -0.0000000004, -0.0041200000, 0.0001000000, 5
0.0000000002, -0.0000000004, -0.0041200000, 0.0001000000, 5
0.0000000002, -0.0000000004, -0.0041200000, 0.0001000000, 7
0.0000000002, -0.0000000004, -0.0041200000, 0.0001000000, 6
0.0000000002, -0.0000000004, -0.0041200000, 0.0001000000, 6
0.0000000002, -0.0000000004, -0.0041200000, 0.0001000000, 5
0.0000000002, -0.0000000004, -0.0041200000, 0.0001000000, 5
0.0000000002, -0.0000000004, -0.0041200000, 0.0001000000, 4
0.0000000002, -0.0000000004, -0.0041200000, 0.0001000000, 8
0.0000000002, -0.0000000004, -0.0041200000, 0.0001000000, 8
0.0000000002, -0.0000000004, -0.0041200000, 0.0001000000, 7
0.0000000002, -0.0000000004, -0.0041200000, 0.0001000000, 6
0.0000000002, -0.0000000004, -0.0041200000, 0.0001000000, 7
0.0000000002, -0.0000000004, -0.0041200000, 0.0001000000, 8
0.0000000002, -0.0000000004, -0.0041200000, 0.0001000000, 7
0.0000000002, -0.0000000004, -0.0041200000, 0.0001000000, 8
0.0000000002, -0.0000000004, -0.0041200000, 0.0001000000, 7
0.0000000002, -0.0000000004, -0.0041200000, 0.0001000000, 8
0.0000000002, -0.0000000004, -0.0041200000, 0.0001000000, 7
0.0000000002, -0.0000000004, -0.0041200000, 0.0001000000, 8
0.0000000002, -0.0000000004, -0.0041600000, 0.0002200000, 8
0.0000000002, -0.0000000004, -0.0041600000, 0.0002200000, 6
0.0000000001, -0.0000000004, -0.0042000000, 0.0002500000, 8
0.0000000001, -0.0000000004, -0.0042000000, 0.0002500000, 7
0.0000000001, -0.0000000004, -0.0042000000, 0.0002500000, 7
0.0000000001, -0.0000000004, -0.0042000000, 0.0002500000, 7
0.0000000001, -0.0000000004, -0.0043000000, 0.0002300000, 7
0.0000000001, -0.0000000004, -0.0044400000, 0.0003000000, 8
0.0000000001, -0.0000000004, -0.0044400000, 0.0003000000, 7
0.0000000001, -0.0000000004, -0.0044400000, 0.0003000000, 7
0.0000000001, -0.0000000004, -0.0044400000, 0.0003000000, 7
0.0000000001, -0.0000000004, -0.0044400000, 0.0003000000, 6
0.0000000001, -0.0000000004, -0.0044400000, 0.0003000000, 6
0.0000000001, -0.0000000004, -0.0044400000, 0.0003000000, 7
0.0000000001, -0.0000000004, -0.0044400000, 0.0003000000, 7
0.0000000000, -0.0000000004, -0.0045100000, 0.0003800000, 5
0.0000000000, -0.0000000004, -0.0045100000, 0.0003800000, 6
-0.0000000000, -0.0000000004, -0.0046200000, 0.0004400000, 6
-0.0000000001, -0.0000000004, -0.0046100000, 0.0003600000, 8
-0.0000000001, -0.0000000004, -0.0046100000, 0.0003600000, 7
-0.0000000001, -0.0000000004, -0.0046100000, 0.0003600000, 7
-0.0000000001, -0.0000000004, -0.0046100000, 0.0003600000, 7
-0.0000000001, -0.0000000004, -0.0046100000, 0.0003600000, 6
-0.0000000001, -0.0000000004, -0.0046100000, 0.0003600000, 7
-0.0000000001, -0.0000000004, -0.0046100000, 0.0003600000, 7
-0.0000000001, -0.0000000004, -0.0046100000, 0.0003600000, 7
-0.0000000001, -0.0000000004, -0.0046100000, 0.0003600000, 7
-0.0000000001, -0.0000000004, -0.0046100000, 0.0003600000, 7
-0.0000000001, -0.0000000004, -0.0046100000, 0.0003600000, 7
-0.0000000001, -0.0000000004, -0.0046100000, 0.0003600000, 5
-0.0000000001, -0.0000000004, -0.0046100000, 0.0003600000, 6
-0.0000000001, -0.0000000004, -0.0046100000, 0.0003600000, 7
-0.0000000001, -0.0000000004, -0.0046100000, 0.0003600000, 7
-0.0000000001, -0.0000000004, -0.0046100000, 0.0003600000, 7
-0.0000000001, -0.0000000004, -0.0046100000, 0.0003600000, 7
-0.0000000001, -0.0000000004, -0.0046100000, 0.0003600000, 5
-0.0000000001, -0.0000000004, -0.0046100000, 0.0003600000, 7
-0.0000000001, -0.0000000004, -0.0046100000, 0.0003600000, 7
-0.0000000001, -0.0000000004, -0.0046100000, 0.0003600000, 8
-0.0000000001, -0.0000000004, -0.0046100000, 0.0003600000, 8
-0.0000000001, -0.0000000004, -0.0046100000, 0.0003600000, 7
-0.0000000001, -0.0000000004, -0.0046100000, 0.0003600000, 8
-0.0000000001, -0.0000000004, -0.0046100000, 0.0003600000, 7
-0.0000000001, -0.0000000004, -0.0046100000, 0.0003600000, 7
-0.0000000001, -0.0000000004, -0.0046100000, 0.0003600000, 8
-0.0000000001, -0.0000000004, -0.0046100000, 0.0003600000, 7
-0.0000000001, -0.0000000004, -0.0046100000, 0.0003600000, 8
-0.0000000001, -0.0000000004, -0.0046100000, 0.0003600000, 7
-0.0000000001, -0.0000000004, -0.0046100000, 0.0003600000, 7
-0.0000000001, -0.0000000004, -0.0046100000, 0.0003600000, 7
-0.0000000001, -0.0000000004, -0.0046100000, 0.0003600000, 6
-0.0000000001, -0.0000000004, -0.0046100000, 0.0003600000, 6
-0.0000000001, -0.0000000004, -0.0046100000, 0.0003600000, 7
-0.0000000001, -0.0000000004, -0.0046100000, 0.0003600000, 7
-0.0000000001, -0.0000000004, -0.0046100000, 0.0003600000, 5
-0.0000000001, -0.0000000004, -0.0047100000, 0.0003800000, 7
-0.0000000001, -0.0000000004, -0.0047100000, 0.0003800000, 6
-0.0000000001, -0.0000000004, -0.0047100000, 0.0003800000, 8
-0.0000000001, -0.0000000004, -0.0047100000, 0.0003800000, 7
-0.0000000001, -0.0000000004, -0.0047100000, 0.0003800000, 7
-0.0000000001, -0.0000000004, -0.0047100000, 0.0003800000, 7
-0.0000000001, -0.0000000004, -0.0047100000, 0.0003800000, 6
-0.0000000001, -0.0000000004, -0.0047100000, 0.0003800000, 7
-0.0000000001, -0.0000000004, -0.0047100000, 0.0003800000, 7
-0.0000000001, -0.0000000004, -0.0047100000, 0.0003800000, 7
-0.0000000001, -0.0000000004, -0.0047100000, 0.0003800000, 8
-0.0000000001, -0.0000000004, -0.0047100000, 0.0003800000, 5
-0.0000000001, -0.0000000004, -0.0047100000, 0.0003800000, 7
-0.0000000001, -0.0000000004, -0.0047100000, 0.0003800000, 6
-0.0000000001, -0.0000000004, -0.0047100000, 0.0003800000, 5
-0.0000000001, -0.0000000004, -0.0047100000, 0.0003800000, 6
-0.0000000001, -0.0000000004, -0.0047100000, 0.0003800000, 7
-0.0000000001, -0.0000000004, -0.0047900000, 0.0004100000, 6
-0.0000000001, -0.0000000004, -0.0047900000, 0.0004100000, 7
-0.0000000001, -0.0000000004, -0.0047900000, 0.0004100000, 7
-0.0000000001, -0.0000000004, -0.0047900000, 0.0004100000, 7
-0.0000000001, -0.0000000004, -0.0047900000, 0.0004100000, 7
-0.0000000001, -0.0000000004, -0.0047900000, 0.0004100000, 5
-0.0000000001, -0.0000000004, -0.0047900000, 0.0004100000, 7
-0.0000000001, -0.0000000004, -0.0047900000, 0.0004100000, 5
-0.0000000001, -0.0000000004, -0.0047900000, 0.0004100000, 6
-0.0000000001, -0.0000000004, -0.0047900000, 0.0004100000, 7
-0.0000000001, -0.0000000004, -0.0047900000, 0.0004100000, 7
-0.0000000001, -0.0000000004, -0.0047900000, 0.0004100000, 6
-0.0000000002, -0.0000000004, -0.0048800000, 0.0004200000, 7
-0.0000000002, -0.0000000004, -0.0048800000, 0.0004200000, 7
-0.0000000002, -0.0000000004, -0.0048800000, 0.0004200000, 34
-0.0000000002, -0.0000000004, -0.0048800000, 0.0004200000, 6
-0.0000000002, -0.0000000004, -0.0048800000, 0.0004200000, 7
-0.0000000002, -0.0000000004, -0.0048800000, 0.0004200000, 7
-0.0000000002, -0.0000000004, -0.0048800000, 0.0004200000, 7
-0.0000000002, -0.0000000004, -0.0048800000, 0.0004200000, 6
-0.0000000002, -0.0000000004, -0.0048800000, 0.0004200000, 7
-0.0000000002, -0.0000000004, -0.0048800000, 0.0004200000, 8
-0.0000000002, -0.0000000004, -0.0048800000, 0.0004200000, 8
-0.0000000002, -0.0000000004, -0.0048800000, 0.0004200000, 7
-0.0000000002, -0.0000000004, -0.0048800000, 0.0004200000, 6
-0.0000000002, -0.0000000004, -0.0049500000, 0.0004500000, 8
-0.0000000002, -0.0000000004, -0.0049500000, 0.0004500000, 7
-0.0000000002, -0.0000000004, -0.0049500000, 0.0004500000, 7
-0.0000000002, -0.0000000004, -0.0049500000, 0.0004500000, 7
-0.0000000002, -0.0000000004, -0.0049500000, 0.0004500000, 7
-0.0000000002, -0.0000000004, -0.0049500000, 0.0004500000, 8
-0.0000000002, -0.0000000004, -0.0049500000, 0.0004500000, 7
-0.0000000002, -0.0000000004, -0.0049500000, 0.0004500000, 7
-0.0000000002, -0.0000000004, -0.0049500000, 0.0004500000, 8
-0.0000000002, -0.0000000004, -0.0049500000, 0.0004500000, 7
-0.0000000003, -0.0000000004, -0.0050300000, 0.0005000000, 8
-0.0000000003, -0.0000000004, -0.0050300000, 0.0005000000, 7
-0.0000000003, -0.0000000004, -0.0050300000, 0.0005000000, 7
-0.0000000003, -0.0000000004, -0.0050300000, 0.0005000000, 7
-0.0000000003, -0.0000000004, -0.0050300000, 0.0005000000, 6
-0.0000000003, -0.0000000004, -0.0050300000, 0.0005000000, 8
-0.0000000003, -0.0000000004, -0.0050300000, 0.0005000000, 7
-0.0000000003, -0.0000000004, -0.0050300000, 0.0005000000, 7
-0.0000000003, -0.0000000004, -0.0050300000, 0.0005000000, 7
-0.0000000003, -0.0000000004, -0.0050300000, 0.0005000000, 6
-0.0000000003, -0.0000000004, -0.0050300000, 0.0005000000, 8
-0.0000000003, -0.0000000004, -0.0050300000, 0.0005000000, 7
-0.0000000003, -0.0000000004, -0.0050300000, 0.0005000000, 7
-0.0000000003, -0.0000000004, -0.0050300000, 0.0005000000, 7
-0.0000000003, -0.0000000004, -0.0050300000, 0.0005000000, 6
-0.0000000003, -0.0000000004, -0.0050300000, 0.0005000000, 8
-0.0000000003, -0.0000000004, -0.0050300000, 0.0005000000, 7
-0.0000000003, -0.0000000004, -0.0050300000, 0.0005000000, 7
-0.0000000003, -0.0000000004, -0.0050300000, 0.0005000000, 7
-0.0000000003, -0.0000000004, -0.0050300000, 0.0005000000, 6
-0.0000000003, -0.0000000004, -0.0050300000, 0.0005000000, 8
-0.0000000003, -0.0000000004, -0.0050300000, 0.0005000000, 7
-0.0000000003, -0.0000000004, -0.0050300000, 0.0005000000, 7
-0.0000000003, -0.0000000004, -0.0050300000, 0.0005000000, 7
-0.0000000003, -0.0000000004, -0.0050300000, 0.0005000000, 6
-0.0000000003, -0.0000000004, -0.0050300000, 0.0005000000, 8
-0.0000000003, -0.0000000004, -0.0050300000, 0.0005000000, 8
-0.0000000003, -0.0000000004, -0.0050300000, 0.0005000000, 7
-0.0000000003, -0.0000000004, -0.0050300000, 0.0005000000, 7
-0.0000000003, -0.0000000004, -0.0050300000, 0.0005000000, 6
-0.0000000003, -0.0000000004, -0.0050300000, 0.0005000000, 8
-0.0000000003, -0.0000000004, -0.0050300000, 0.0005000000, 7
-0.0000000003, -0.0000000004, -0.0050300000, 0.0005000000, 7
-0.0000000003, -0.0000000004, -0.0050300000, 0.0005000000, 7
-0.0000000003, -0.0000000004, -0.0050300000, 0.0005000000, 6
-0.0000000003, -0.0000000004, -0.0050300000, 0.0005000000, 8
-0.0000000003, -0.0000000004, -0.0051100000, 0.0005400000, 8
-0.0000000003, -0.0000000004, -0.0051100000, 0.0005400000, 7
-0.0000000003, -0.0000000004, -0.0051100000, 0.0005400000, 7
-0.0000000003, -0.0000000004, -0.0051100000, 0.0005400000, 35
-0.0000000003, -0.0000000004, -0.0051100000, 0.0005400000, 7
-0.0000000003, -0.0000000004, -0.0051100000, 0.0005400000, 5
-0.0000000003, -0.0000000004, -0.0051100000, 0.0005400000, 5
-0.0000000003, -0.0000000004, -0.0051100000, 0.0005400000, 7
-0.0000000003, -0.0000000004, -0.0051100000, 0.0005400000, 7
-0.0000000003, -0.0000000004, -0.0051100000, 0.0005400000, 7
-0.0000000003, -0.0000000004, -0.0051100000, 0.0005400000, 7
-0.0000000003, -0.0000000004, -0.0051100000, 0.0005400000, 7
-0.0000000003, -0.0000000004, -0.0051100000, 0.0005400000, 7
-0.0000000003, -0.0000000004, -0.0051100000, 0.0005400000, 7
-0.0000000003, -0.0000000004, -0.0051100000, 0.0005400000, 8
-0.0000000003, -0.0000000004, -0.0051100000, 0.0005400000, 7
-0.0000000003, -0.0000000004, -0.0051100000, 0.0005400000, 6
-0.0000000003, -0.0000000004, -0.0051100000, 0.0005400000, 7
-0.0000000003, -0.0000000004, -0.0051100000, 0.0005400000, 7
-0.0000000003, -0.0000000004, -0.0051100000, 0.0005400000, 7
-0.0000000003, -0.0000000004, -0.0051100000, 0.0005400000, 7
-0.0000000003, -0.0000000004, -0.0051100000, 0.0005400000, 7
-0.0000000003, -0.0000000004, -0.0051100000, 0.0005400000, 7
-0.0000000003, -0.0000000004, -0.0051100000, 0.0005400000, 7
-0.0000000003, -0.0000000004, -0.0051100000, 0.0005400000, 7
-0.0000000003, -0.0000000004, -0.0051100000, 0.0005400000, 7
-0.0000000003, -0.0000000004, -0.0051100000, 0.0005400000, 6
-0.0000000003, -0.0000000004, -0.0051100000, 0.0005400000, 8
-0.0000000004, -0.0000000004, -0.0052100000, 0.0005600000, 8
-0.0000000004, -0.0000000004, -0.0052100000, 0.0005600000, 7
-0.0000000004, -0.0000000004, -0.0052100000, 0.0005600000, 7
-0.0000000004, -0.0000000004, -0.0052100000, 0.0005600000, 6
-0.0000000004, -0.0000000004, 